{
	"places":[
		{
			"id": 1,
			"city": "Herlev",
			"street": "Somestreet 21",
			"zip": "2730",
			"description": "Some description", 
			"imageUri": "something.jpg", 
			"geo": "3948934,239423", 
			"rating": 4,
			"week": 42,
			"available": false
		},
		{
			"id": 2,
			"city": "Aarhus",
			"street": "Somestreet 22",
			"zip": "8000",
			"description": "Some description", 
			"imageUri": "something.jpg", 
			"geo": "1948934,239423", 
			"rating": 5,
			"week": 43,
			"available": true
		}
	]
}